SI_исходный,SI_расчётный,разница
28.125,28.12500000000001,1.0658141036401503e-14
7.000000000000001,7.000000000000001,0.0
0.72,0.7200000000000002,2.220446049250313e-16
63.23529411764706,63.235294117647065,7.105427357601002e-15
1.3,1.2999999999999996,4.440892098500626e-16
2.0,1.9999999999999996,4.440892098500626e-16
0.7700000000000001,0.7699999999999999,2.220446049250313e-16
0.82,0.8199999999999998,1.1102230246251565e-16
3.070680628272251,3.0706806282722505,4.440892098500626e-16
62.63333333333334,62.63333333333333,7.105427357601002e-15
7.857142857142859,7.857142857142857,2.6645352591003757e-15
1.664335664335664,1.6643356643356642,2.220446049250313e-16
3.045685279187818,3.0456852791878175,4.440892098500626e-16
5.111111111111111,5.111111111111111,0.0
7.431818181818182,7.431818181818182,0.0
1.0,1.0,0.0
3.23076923076923,3.230769230769231,8.881784197001252e-16
28.73563218390805,28.73563218390805,0.0
1.0,1.0,0.0
4.422680412371134,4.422680412371134,0.0
0.8061002178649236,0.8061002178649237,1.1102230246251565e-16
10.52380952380952,10.523809523809524,3.552713678800501e-15
17.12328767123288,17.123287671232873,7.105427357601002e-15
2.423052959501558,2.4230529595015584,4.440892098500626e-16
0.9798157946306093,0.9798157946306086,6.661338147750939e-16
1.0,1.0,0.0
1.794117647058824,1.7941176470588238,2.220446049250313e-16
1.551,1.5510000000000002,2.220446049250313e-16
1.488095238095238,1.4880952380952388,8.881784197001252e-16
1.0,1.0,0.0
1.0,1.0,0.0
1.0,1.0,0.0
8.857142857142858,8.857142857142854,3.552713678800501e-15
5.238095238095238,5.238095238095238,0.0
3.266666666666667,3.266666666666666,8.881784197001252e-16
5.074074074074074,5.074074074074075,8.881784197001252e-16
3.0,3.0,0.0
6.909090909090908,6.909090909090908,0.0
13.33333333333333,13.33333333333333,0.0
13.52941176470589,13.529411764705882,7.105427357601002e-15
6.692307692307691,6.692307692307693,2.6645352591003757e-15
89.13793103448276,89.13793103448279,2.842170943040401e-14
30.3125,30.312499999999996,3.552713678800501e-15
16.1,16.100000000000005,3.552713678800501e-15
54.94505494505496,54.94505494505498,1.4210854715202004e-14
3.048780487804878,3.048780487804877,8.881784197001252e-16
2.857142857142857,2.8571428571428577,4.440892098500626e-16
49.24170616113744,49.24170616113744,0.0
25.79710144927536,25.797101449275356,3.552713678800501e-15
185.1851851851852,185.1851851851852,0.0
638.5714285714286,638.5714285714284,1.1368683772161603e-13
14.54545454545454,14.545454545454545,5.329070518200751e-15
60.24096385542169,60.240963855421704,1.4210854715202004e-14
3.629441624365482,3.6294416243654823,4.440892098500626e-16
19.37984496124031,19.37984496124031,0.0
12.63959390862945,12.639593908629443,7.105427357601002e-15
18.79699248120301,18.796992481203006,3.552713678800501e-15
3.125,3.1250000000000004,4.440892098500626e-16
1.0,1.0,0.0
98.03921568627452,98.03921568627452,0.0
3.575221238938053,3.575221238938052,8.881784197001252e-16
151.5151515151515,151.51515151515153,2.842170943040401e-14
5.407407407407407,5.407407407407407,0.0
0.83,0.8299999999999998,1.1102230246251565e-16
8.28125,8.28125,0.0
1.909090909090909,1.9090909090909092,2.220446049250313e-16
0.8545454545454545,0.8545454545454547,2.220446049250313e-16
0.9090909090909093,0.9090909090909093,0.0
1.33030303030303,1.33030303030303,0.0
1.36060606060606,1.3606060606060604,4.440892098500626e-16
34.73684210526316,34.736842105263165,7.105427357601002e-15
2.336363636363636,2.3363636363636364,4.440892098500626e-16
4.086206896551724,4.086206896551724,0.0
1.0,1.0,0.0
1.0,1.0,0.0
3.194444444444445,3.1944444444444438,1.3322676295501878e-15
1.4,1.4,0.0
1.0,1.0,0.0
1.0,1.0,0.0
74.62686567164178,74.62686567164178,0.0
1.0,1.0,0.0
34.4622641509434,34.462264150943405,7.105427357601002e-15
555.5555555555555,555.5555555555554,1.1368683772161603e-13
30.3030303030303,30.303030303030308,7.105427357601002e-15
30.3030303030303,30.303030303030308,7.105427357601002e-15
499.9999999999999,499.9999999999999,0.0
100.0,100.0,0.0
1.492537313432836,1.4925373134328355,4.440892098500626e-16
1.492537313432836,1.4925373134328355,4.440892098500626e-16
4.830917874396135,4.830917874396135,0.0
27.22068965517241,27.220689655172414,3.552713678800501e-15
41.70408163265306,41.704081632653065,7.105427357601002e-15
34.08666666666667,34.086666666666666,7.105427357601002e-15
24.11764705882353,24.11764705882353,0.0
37.69230769230769,37.69230769230769,0.0
37.69230769230769,37.69230769230769,0.0
24.98692810457517,24.98692810457517,0.0
30.67484662576687,30.67484662576687,0.0
33.06557377049181,33.06557377049181,0.0
3.969565217391304,3.969565217391305,1.3322676295501878e-15
1.995211492418197,1.9952114924181965,4.440892098500626e-16
1.0,1.0,0.0
18.31501831501831,18.315018315018314,3.552713678800501e-15
18.31501831501831,18.315018315018314,3.552713678800501e-15
28.02325581395349,28.023255813953487,3.552713678800501e-15
32.46753246753246,32.467532467532465,7.105427357601002e-15
13.81215469613259,13.812154696132593,3.552713678800501e-15
13.81215469613259,13.812154696132593,3.552713678800501e-15
11.93317422434368,11.933174224343677,3.552713678800501e-15
500.0000000000001,500.0,1.1368683772161603e-13
5000.0,5000.0,0.0
25.0,24.999999999999993,7.105427357601002e-15
128.2051282051282,128.20512820512826,5.684341886080802e-14
32.95,32.949999999999996,7.105427357601002e-15
113.6363636363636,113.6363636363636,0.0
357.1428571428572,357.14285714285717,5.684341886080802e-14
21.44117647058824,21.441176470588236,3.552713678800501e-15
88.57142857142857,88.57142857142857,0.0
131.5789473684211,131.5789473684211,0.0
2.814159292035398,2.814159292035398,0.0
7.142857142857144,7.142857142857144,0.0
277.7777777777777,277.7777777777777,0.0
24.73684210526316,24.736842105263158,3.552713678800501e-15
185.3846153846154,185.3846153846154,0.0
24.14285714285714,24.14285714285714,0.0
91.42857142857144,91.42857142857144,0.0
34.19753086419752,34.19753086419754,2.1316282072803006e-14
42.73504273504274,42.73504273504274,0.0
99.99999999999999,99.99999999999999,0.0
20.83333333333333,20.83333333333333,0.0
6.243589743589745,6.2435897435897445,8.881784197001252e-16
220.7142857142858,220.71428571428575,5.684341886080802e-14
5.785714285714286,5.785714285714285,8.881784197001252e-16
2.534090909090909,2.5340909090909096,4.440892098500626e-16
3.846153846153846,3.8461538461538463,4.440892098500626e-16
0.4996666666666666,0.49966666666666665,5.551115123125783e-17
1.423333333333333,1.4233333333333338,8.881784197001252e-16
1.0,1.0,0.0
1.323333333333333,1.3233333333333335,4.440892098500626e-16
16.375,16.375,0.0
1.83,1.8300000000000003,2.220446049250313e-16
1.225,1.225,0.0
1.06,1.0600000000000003,2.220446049250313e-16
5.468750000000001,5.4687500000000036,2.6645352591003757e-15
25.0,25.0,0.0
9.740259740259742,9.740259740259738,3.552713678800501e-15
2.14,2.14,0.0
1.0,1.0,0.0
3.225806451612903,3.2258064516129044,1.3322676295501878e-15
2.156666666666667,2.1566666666666654,1.7763568394002505e-15
2.133333333333333,2.1333333333333337,8.881784197001252e-16
2.102228047182176,2.1022280471821753,8.881784197001252e-16
1.626415094339623,1.6264150943396225,4.440892098500626e-16
2.068965517241379,2.0689655172413803,1.3322676295501878e-15
1.833333333333334,1.8333333333333337,2.220446049250313e-16
3.542857142857143,3.542857142857142,1.3322676295501878e-15
24.58823529411765,24.58823529411765,0.0
19.0,18.999999999999996,3.552713678800501e-15
312.5,312.5,0.0
36.16666666666666,36.166666666666664,7.105427357601002e-15
8.0,8.0,0.0
125.0,124.99999999999997,2.842170943040401e-14
56.66666666666667,56.66666666666668,7.105427357601002e-15
166.6666666666667,166.66666666666666,5.684341886080802e-14
37.44186046511628,37.4418604651163,2.1316282072803006e-14
42.5,42.5,0.0
109.4117647058823,109.41176470588235,4.263256414560601e-14
499.9999999999999,499.9999999999999,0.0
15.75,15.749999999999998,1.7763568394002505e-15
15.75,15.749999999999998,1.7763568394002505e-15
42.73504273504274,42.735042735042725,1.4210854715202004e-14
1.944444444444444,1.9444444444444435,4.440892098500626e-16
1.944444444444444,1.9444444444444435,4.440892098500626e-16
71.42857142857142,71.42857142857142,0.0
50.0,50.0,0.0
3.476190476190477,3.4761904761904776,4.440892098500626e-16
4.583333333333334,4.583333333333335,8.881784197001252e-16
0.7999999999999999,0.7999999999999999,0.0
6.666666666666667,6.666666666666667,0.0
18.08510638297872,18.085106382978722,3.552713678800501e-15
1562.5,1562.5,0.0
32.74074074074074,32.74074074074074,0.0
5.470588235294117,5.470588235294115,1.7763568394002505e-15
10.60606060606061,10.606060606060609,1.7763568394002505e-15
24.20454545454545,24.204545454545453,3.552713678800501e-15
13.33333333333333,13.33333333333333,0.0
4.76923076923077,4.769230769230769,8.881784197001252e-16
4.359999999999999,4.359999999999999,0.0
3.0,2.9999999999999987,1.3322676295501878e-15
208.3333333333334,208.3333333333334,0.0
202.5,202.49999999999997,2.842170943040401e-14
81.50000000000001,81.50000000000001,0.0
7.428571428571428,7.428571428571428,0.0
19.37984496124031,19.379844961240313,3.552713678800501e-15
2.941176470588236,2.9411764705882346,1.3322676295501878e-15
25.43103448275862,25.431034482758623,3.552713678800501e-15
61.22448979591837,61.224489795918366,7.105427357601002e-15
13.21428571428571,13.214285714285712,1.7763568394002505e-15
1.6375,1.6375000000000002,2.220446049250313e-16
1.693333333333333,1.6933333333333331,2.220446049250313e-16
23.25581395348837,23.25581395348838,1.0658141036401503e-14
35.71428571428571,35.7142857142857,7.105427357601002e-15
1.0,1.0,0.0
10.0,10.0,0.0
1.46,1.46,0.0
1.323333333333333,1.3233333333333328,2.220446049250313e-16
5.416666666666665,5.416666666666664,8.881784197001252e-16
106.8181818181818,106.81818181818184,4.263256414560601e-14
1.0,1.0,0.0
2.515151515151516,2.515151515151515,8.881784197001252e-16
3.0,3.000000000000001,8.881784197001252e-16
55.55555555555556,55.55555555555556,0.0
37.03703703703704,37.03703703703703,7.105427357601002e-15
4.548672566371681,4.548672566371681,0.0
7.7,7.7,0.0
1.679,1.6790000000000005,4.440892098500626e-16
3.239999999999999,3.24,1.3322676295501878e-15
0.91,0.9099999999999998,2.220446049250313e-16
6.78688524590164,6.78688524590164,0.0
13.55084745762712,13.55084745762712,0.0
3.722222222222222,3.722222222222223,1.3322676295501878e-15
2.93,2.9299999999999997,4.440892098500626e-16
11.66666666666667,11.666666666666668,1.7763568394002505e-15
11.30555555555556,11.305555555555562,1.7763568394002505e-15
1.218181818181818,1.2181818181818185,4.440892098500626e-16
11.10416666666666,11.104166666666668,7.105427357601002e-15
28.98550724637681,28.985507246376816,7.105427357601002e-15
13.45291479820628,13.452914798206278,1.7763568394002505e-15
27.5,27.500000000000004,3.552713678800501e-15
1.0,1.0,0.0
5.500000000000001,5.499999999999999,1.7763568394002505e-15
11.52083333333333,11.520833333333337,7.105427357601002e-15
3.460606060606061,3.4606060606060605,4.440892098500626e-16
1.1,1.1000000000000003,2.220446049250313e-16
3.680851063829787,3.680851063829787,0.0
12.59375,12.59374999999999,1.0658141036401503e-14
104.1764705882353,104.17647058823529,1.4210854715202004e-14
8.545454545454545,8.545454545454547,1.7763568394002505e-15
22.61538461538462,22.615384615384617,3.552713678800501e-15
45.27777777777777,45.27777777777777,0.0
171.4705882352941,171.47058823529414,5.684341886080802e-14
24.66666666666667,24.66666666666667,0.0
1.85,1.8500000000000008,6.661338147750939e-16
1.555,1.5549999999999997,2.220446049250313e-16
11.6896551724138,11.689655172413799,1.7763568394002505e-15
1.764705882352941,1.7647058823529413,4.440892098500626e-16
1.0,1.0,0.0
1.0,1.0,0.0
2.307692307692307,2.307692307692307,0.0
1.613333333333333,1.6133333333333333,2.220446049250313e-16
2.083333333333333,2.083333333333333,0.0
1.851851851851852,1.8518518518518512,8.881784197001252e-16
2.0,2.0,0.0
2.466666666666667,2.4666666666666672,4.440892098500626e-16
1.0,1.0,0.0
6.999999999999999,6.999999999999997,1.7763568394002505e-15
2.24,2.24,0.0
1.003333333333333,1.0033333333333336,6.661338147750939e-16
1.53,1.5299999999999998,2.220446049250313e-16
5.008347245409015,5.008347245409016,8.881784197001252e-16
1.0,1.0,0.0
2.4,2.4,0.0
1.13,1.1300000000000001,2.220446049250313e-16
5.735714285714286,5.735714285714286,0.0
14.53448275862069,14.534482758620687,3.552713678800501e-15
6.666666666666667,6.666666666666665,1.7763568394002505e-15
9.166666666666666,9.166666666666666,0.0
14.4,14.400000000000004,3.552713678800501e-15
0.0807222517259692,0.0807222517259692,0.0
0.4166666666666667,0.41666666666666663,5.551115123125783e-17
1.0,1.0,0.0
0.5666666666666667,0.5666666666666665,1.1102230246251565e-16
1.0,1.0,0.0
3.58,3.5799999999999996,4.440892098500626e-16
3.114285714285714,3.1142857142857143,4.440892098500626e-16
0.9349999999999999,0.9349999999999999,0.0
1.806666666666667,1.8066666666666666,4.440892098500626e-16
2.44,2.440000000000001,8.881784197001252e-16
2.627272727272727,2.627272727272727,0.0
1.59,1.5899999999999999,2.220446049250313e-16
2.159,2.159,0.0
1.663333333333334,1.6633333333333336,4.440892098500626e-16
4.42,4.419999999999999,8.881784197001252e-16
3.0,2.999999999999999,8.881784197001252e-16
1.764705882352941,1.7647058823529416,6.661338147750939e-16
1.764705882352941,1.764705882352941,0.0
18.75,18.749999999999996,3.552713678800501e-15
5.352941176470588,5.352941176470587,8.881784197001252e-16
1.94,1.94,0.0
2.252,2.252,0.0
8.855555555555556,8.855555555555558,1.7763568394002505e-15
1.203160270880361,1.2031602708803608,2.220446049250313e-16
24.0,24.000000000000004,3.552713678800501e-15
2.204545454545454,2.204545454545454,0.0
2.142857142857143,2.1428571428571423,4.440892098500626e-16
7.649999999999999,7.650000000000001,2.6645352591003757e-15
1.576666666666667,1.5766666666666667,4.440892098500626e-16
1.02,1.0199999999999996,4.440892098500626e-16
1.0,1.0,0.0
1.0,1.0,0.0
2.866666666666667,2.8666666666666654,1.7763568394002505e-15
1.173333333333334,1.1733333333333336,4.440892098500626e-16
1.0,1.0,0.0
7.973684210526317,7.973684210526316,8.881784197001252e-16
3.027272727272728,3.027272727272728,0.0
2.181818181818182,2.181818181818182,0.0
2.8,2.8,0.0
2.307692307692307,2.3076923076923075,4.440892098500626e-16
3.503759398496241,3.503759398496241,0.0
2.809090909090909,2.8090909090909095,4.440892098500626e-16
12.65822784810127,12.658227848101266,3.552713678800501e-15
3.899999999999999,3.9000000000000004,1.3322676295501878e-15
2.804545454545455,2.804545454545454,1.3322676295501878e-15
4.068181818181817,4.0681818181818175,8.881784197001252e-16
9.77198697068404,9.77198697068404,0.0
2.042857142857143,2.042857142857143,0.0
3.6,3.5999999999999996,4.440892098500626e-16
7.02576112412178,7.025761124121779,8.881784197001252e-16
111.1111111111111,111.11111111111114,4.263256414560601e-14
32.73170731707317,32.73170731707317,0.0
5.379999999999999,5.379999999999997,1.7763568394002505e-15
3.0,3.000000000000001,8.881784197001252e-16
8.162162162162163,8.162162162162158,5.329070518200751e-15
125.0,125.00000000000003,2.842170943040401e-14
6.72,6.72,0.0
4.55,4.55,0.0
8.701754385964913,8.701754385964911,1.7763568394002505e-15
41.66666666666666,41.666666666666664,7.105427357601002e-15
3.72,3.7199999999999993,8.881784197001252e-16
2.156666666666667,2.1566666666666667,4.440892098500626e-16
8.923076923076923,8.923076923076922,1.7763568394002505e-15
7.451612903225807,7.451612903225807,0.0
23.55555555555556,23.555555555555557,3.552713678800501e-15
26.39393939393939,26.39393939393939,0.0
3.053333333333334,3.053333333333333,1.3322676295501878e-15
49.99999999999999,49.99999999999998,1.4210854715202004e-14
2.546666666666667,2.5466666666666673,4.440892098500626e-16
1.0,1.0,0.0
9.595744680851066,9.595744680851066,0.0
4.652173913043478,4.652173913043478,0.0
3.241666666666666,3.241666666666666,0.0
1.061111111111111,1.0611111111111111,2.220446049250313e-16
1.833333333333333,1.8333333333333333,2.220446049250313e-16
6.156249999999998,6.156249999999998,0.0
96.4,96.4,0.0
2.763636363636363,2.763636363636364,1.3322676295501878e-15
10.0,9.999999999999998,1.7763568394002505e-15
11.28571428571429,11.285714285714286,3.552713678800501e-15
8.7,8.700000000000001,1.7763568394002505e-15
111.1111111111111,111.11111111111113,2.842170943040401e-14
4.140845070422535,4.140845070422535,0.0
1.0,1.0,0.0
1.0,1.0,0.0
28.43373493975903,28.433734939759034,3.552713678800501e-15
0.7,0.7,0.0
3.622222222222222,3.622222222222223,1.3322676295501878e-15
6.012820512820513,6.012820512820512,8.881784197001252e-16
7.633333333333331,7.633333333333331,0.0
13.1,13.1,0.0
18.40490797546012,18.404907975460123,3.552713678800501e-15
3.15,3.150000000000001,8.881784197001252e-16
34.48275862068966,34.48275862068966,0.0
30.61224489795918,30.61224489795919,1.0658141036401503e-14
26.54867256637168,26.548672566371682,3.552713678800501e-15
18.40490797546012,18.40490797546012,0.0
30.625,30.625,0.0
30.0,29.999999999999996,3.552713678800501e-15
1.0,1.0,0.0
7.246376811594203,7.246376811594203,0.0
8.272727272727275,8.272727272727277,1.7763568394002505e-15
1.0,1.0,0.0
60.00000000000001,60.000000000000014,7.105427357601002e-15
32.60869565217392,32.608695652173935,1.4210854715202004e-14
14.58620689655172,14.586206896551719,1.7763568394002505e-15
22.75510204081632,22.75510204081632,0.0
65.21739130434784,65.21739130434784,0.0
6.400000000000001,6.4,8.881784197001252e-16
4.285714285714286,4.2857142857142865,8.881784197001252e-16
1.0,1.0,0.0
1.83,1.83,0.0
4.0,3.999999999999999,8.881784197001252e-16
2.545454545454545,2.5454545454545454,4.440892098500626e-16
1.0,1.0,0.0
1.66,1.6599999999999997,2.220446049250313e-16
11.78260869565217,11.782608695652177,7.105427357601002e-15
1.0,1.0,0.0
6.109090909090908,6.109090909090911,3.552713678800501e-15
2.2,2.2,0.0
32.67326732673268,32.673267326732656,2.1316282072803006e-14
19.74626865671642,19.74626865671642,0.0
5.305555555555556,5.305555555555556,0.0
24.17910447761194,24.179104477611943,3.552713678800501e-15
1.833333333333333,1.8333333333333335,4.440892098500626e-16
19.17647058823529,19.1764705882353,1.0658141036401503e-14
3.120689655172414,3.1206896551724133,8.881784197001252e-16
1.0,1.0,0.0
6.666666666666666,6.666666666666665,8.881784197001252e-16
21.42857142857143,21.428571428571427,3.552713678800501e-15
1.0,1.0,0.0
1.833333333333333,1.8333333333333328,2.220446049250313e-16
3.629629629629629,3.6296296296296298,8.881784197001252e-16
2.088607594936708,2.0886075949367093,1.3322676295501878e-15
4.647887323943662,4.647887323943663,8.881784197001252e-16
3.481481481481482,3.4814814814814823,4.440892098500626e-16
4.25,4.249999999999999,8.881784197001252e-16
1.96969696969697,1.9696969696969697,2.220446049250313e-16
1.486666666666667,1.4866666666666666,4.440892098500626e-16
1.34,1.34,0.0
1.16,1.16,0.0
7.19298245614035,7.192982456140349,8.881784197001252e-16
7.276595744680852,7.276595744680852,0.0
3.157894736842105,3.157894736842104,8.881784197001252e-16
2.53,2.5300000000000002,4.440892098500626e-16
2.03,2.03,0.0
3.0,2.9999999999999996,4.440892098500626e-16
2.0,2.0000000000000004,4.440892098500626e-16
1.433333333333333,1.4333333333333336,6.661338147750939e-16
107.1428571428572,107.14285714285715,4.263256414560601e-14
3.952569169960474,3.9525691699604746,4.440892098500626e-16
22.2,22.2,0.0
7.676923076923077,7.676923076923077,0.0
2.857142857142857,2.8571428571428577,4.440892098500626e-16
2.898550724637682,2.8985507246376803,1.7763568394002505e-15
1.0,1.0,0.0
11.11111111111111,11.111111111111112,1.7763568394002505e-15
3.536000000000001,3.5360000000000014,4.440892098500626e-16
10.52631578947368,10.526315789473687,7.105427357601002e-15
1.888,1.888,0.0
68.18181818181819,68.18181818181817,1.4210854715202004e-14
10.90909090909091,10.90909090909091,0.0
10.83032490974729,10.830324909747292,1.7763568394002505e-15
11.95219123505976,11.952191235059763,3.552713678800501e-15
11.95219123505976,11.952191235059757,1.7763568394002505e-15
3.444316877152698,3.444316877152698,0.0
1.574,1.5740000000000005,4.440892098500626e-16
3.157894736842106,3.1578947368421053,8.881784197001252e-16
1.056338028169014,1.056338028169014,0.0
3.157894736842105,3.1578947368421058,8.881784197001252e-16
2.307692307692308,2.307692307692308,0.0
2.5,2.499999999999999,8.881784197001252e-16
7.623076923076924,7.623076923076922,2.6645352591003757e-15
2.5,2.5,0.0
2.307692307692308,2.3076923076923075,4.440892098500626e-16
2.307692307692308,2.3076923076923075,4.440892098500626e-16
33.33333333333334,33.333333333333336,7.105427357601002e-15
36.58536585365854,36.585365853658544,7.105427357601002e-15
10.13513513513513,10.135135135135133,3.552713678800501e-15
5.244755244755245,5.244755244755245,0.0
2.307692307692308,2.3076923076923084,4.440892098500626e-16
10.03344481605351,10.03344481605351,0.0
2.307692307692308,2.307692307692308,0.0
9.375,9.375,0.0
1.796407185628742,1.7964071856287425,4.440892098500626e-16
1.0,1.0,0.0
17.24137931034483,17.241379310344826,3.552713678800501e-15
3.778337531486146,3.778337531486145,8.881784197001252e-16
1.0,1.0,0.0
15.0,15.0,0.0
1.0,1.0,0.0
2.380952380952381,2.380952380952381,0.0
1.0,1.0,0.0
1.415094339622642,1.4150943396226416,4.440892098500626e-16
1.166666666666667,1.1666666666666665,4.440892098500626e-16
9.67741935483871,9.67741935483871,0.0
4.900000000000001,4.9,8.881784197001252e-16
1.764705882352942,1.7647058823529411,8.881784197001252e-16
6.566666666666666,6.566666666666666,0.0
23.07692307692308,23.07692307692308,0.0
22.22222222222222,22.222222222222225,3.552713678800501e-15
6.507042253521128,6.507042253521129,8.881784197001252e-16
50.00000000000001,50.000000000000014,7.105427357601002e-15
23.07692307692308,23.07692307692308,0.0
27.27272727272727,27.272727272727266,3.552713678800501e-15
66.66666666666666,66.66666666666666,0.0
0.5217391304347827,0.5217391304347827,0.0
1.0,1.0,0.0
2.586206896551724,2.5862068965517233,8.881784197001252e-16
18.75,18.750000000000007,7.105427357601002e-15
3.175,3.1750000000000003,4.440892098500626e-16
2.380952380952381,2.380952380952381,0.0
6.521739130434782,6.521739130434782,0.0
21.42857142857143,21.428571428571427,3.552713678800501e-15
1.254545454545454,1.254545454545454,0.0
4.35483870967742,4.354838709677419,8.881784197001252e-16
15.87301587301587,15.87301587301587,0.0
29.70297029702971,29.702970297029704,7.105427357601002e-15
1.0,1.0,0.0
2.255,2.2549999999999994,4.440892098500626e-16
4.515418502202643,4.515418502202645,1.7763568394002505e-15
2.066666666666667,2.0666666666666673,4.440892098500626e-16
1.568627450980392,1.5686274509803924,4.440892098500626e-16
1.551282051282051,1.551282051282051,0.0
2.78,2.7800000000000007,8.881784197001252e-16
1.0,1.0,0.0
0.9920000000000001,0.9920000000000001,0.0
1.0,1.0,0.0
6.068702290076336,6.068702290076336,0.0
1.0,1.0,0.0
6.575342465753425,6.575342465753427,1.7763568394002505e-15
1.764705882352941,1.7647058823529411,2.220446049250313e-16
1.764705882352941,1.7647058823529411,2.220446049250313e-16
4.310344827586207,4.310344827586208,8.881784197001252e-16
1.0,1.0,0.0
1.0,1.0,0.0
1.363333333333333,1.3633333333333342,1.1102230246251565e-15
2.947368421052632,2.947368421052632,0.0
1.433333333333333,1.4333333333333336,6.661338147750939e-16
1.06,1.06,0.0
1.06,1.06,0.0
3.006012024048096,3.0060120240480974,1.3322676295501878e-15
1.0,1.0,0.0
10.1010101010101,10.101010101010097,3.552713678800501e-15
1.0,1.0,0.0
1.0,1.0,0.0
2.912621359223301,2.912621359223301,0.0
1.0,1.0,0.0
1.0,1.0,0.0
3.04302203567681,3.04302203567681,0.0
1.0,1.0,0.0
1.764705882352941,1.764705882352941,0.0
3.571428571428572,3.571428571428572,0.0
1.0,1.0,0.0
5.988023952095809,5.988023952095808,1.7763568394002505e-15
7.795918367346938,7.795918367346938,0.0
1.0,1.0,0.0
1.0,1.0,0.0
1.0,1.0,0.0
1.0,1.0,0.0
1.0,1.0,0.0
3.089598352214213,3.089598352214212,8.881784197001252e-16
16.20481927710843,16.204819277108435,3.552713678800501e-15
3.484320557491289,3.4843205574912903,1.3322676295501878e-15
1.0,1.0,0.0
1.744186046511628,1.744186046511628,0.0
10.94890510948905,10.94890510948905,0.0
1.5,1.4999999999999998,2.220446049250313e-16
6.07142857142857,6.071428571428571,8.881784197001252e-16
0.3475352112676057,0.34753521126760567,5.551115123125783e-17
22.91666666666667,22.916666666666668,3.552713678800501e-15
27.77777777777778,27.777777777777775,3.552713678800501e-15
2.51,2.51,0.0
2.9,2.9000000000000004,4.440892098500626e-16
4.615384615384615,4.615384615384614,8.881784197001252e-16
3.061224489795919,3.0612244897959204,1.3322676295501878e-15
1.0,1.0,0.0
31.57894736842105,31.578947368421062,1.0658141036401503e-14
2.830188679245283,2.8301886792452837,8.881784197001252e-16
2.586206896551724,2.586206896551724,0.0
1.702702702702703,1.7027027027027026,4.440892098500626e-16
1.081818181818182,1.081818181818182,0.0
1.507537688442211,1.507537688442211,0.0
1.195219123505976,1.1952191235059764,4.440892098500626e-16
16.56666666666667,16.56666666666667,0.0
12.04819277108434,12.048192771084338,1.7763568394002505e-15
4.754358161648176,4.7543581616481765,8.881784197001252e-16
1.03125,1.0312499999999998,2.220446049250313e-16
3.097345132743363,3.097345132743363,0.0
4.754358161648177,4.7543581616481765,8.881784197001252e-16
4.787072243346008,4.787072243346009,1.7763568394002505e-15
17.75147928994083,17.751479289940825,3.552713678800501e-15
1.145038167938931,1.1450381679389314,4.440892098500626e-16
1.2,1.1999999999999997,2.220446049250313e-16
1.847953216374269,1.847953216374269,0.0
3.666666666666667,3.666666666666666,8.881784197001252e-16
15.0,15.0,0.0
1.0,1.0,0.0
3.0,3.0000000000000004,4.440892098500626e-16
1.0,1.0,0.0
10.83032490974729,10.830324909747294,3.552713678800501e-15
3.468208092485549,3.4682080924855487,4.440892098500626e-16
1.0,1.0,0.0
1.0,1.0,0.0
1.973684210526315,1.9736842105263164,1.3322676295501878e-15
1.0,1.0,0.0
1.0,1.0,0.0
3.40522133938706,3.4052213393870585,1.3322676295501878e-15
13.57466063348416,13.574660633484163,1.7763568394002505e-15
1.0,1.0,0.0
1.0,1.0,0.0
1.0,1.0,0.0
1.0,1.0,0.0
1.0,1.0,0.0
1.0,1.0,0.0
3.35946248600224,3.3594624860022395,4.440892098500626e-16
5.172413793103448,5.172413793103447,1.7763568394002505e-15
3.547169811320755,3.5471698113207557,8.881784197001252e-16
31.66666666666666,31.666666666666664,3.552713678800501e-15
31.66666666666666,31.666666666666664,3.552713678800501e-15
1.0,1.0,0.0
33.0,32.99999999999999,7.105427357601002e-15
16.4,16.400000000000006,7.105427357601002e-15
16.4,16.400000000000006,7.105427357601002e-15
2.745098039215686,2.7450980392156867,8.881784197001252e-16
2.745098039215686,2.7450980392156867,8.881784197001252e-16
29.7029702970297,29.702970297029708,7.105427357601002e-15
29.7029702970297,29.702970297029708,7.105427357601002e-15
42.25352112676057,42.253521126760575,7.105427357601002e-15
1.98220640569395,1.98220640569395,0.0
1.481481481481482,1.4814814814814818,2.220446049250313e-16
3.345280764635603,3.3452807646356035,4.440892098500626e-16
15.07537688442211,15.075376884422111,1.7763568394002505e-15
1.363636363636363,1.363636363636363,0.0
30.3030303030303,30.3030303030303,0.0
10.41666666666667,10.416666666666666,3.552713678800501e-15
1.89873417721519,1.8987341772151898,2.220446049250313e-16
1.432432432432432,1.4324324324324331,1.1102230246251565e-15
6.601941747572815,6.601941747572816,8.881784197001252e-16
5.223776223776224,5.223776223776224,0.0
3.08641975308642,3.0864197530864197,4.440892098500626e-16
5.172413793103448,5.172413793103448,0.0
2.205882352941176,2.2058823529411766,4.440892098500626e-16
23.62204724409449,23.622047244094492,3.552713678800501e-15
12.34567901234568,12.345679012345679,1.7763568394002505e-15
22.90076335877863,22.900763358778626,3.552713678800501e-15
6.30281690140845,6.30281690140845,0.0
2.382843526608419,2.3828435266084194,4.440892098500626e-16
3.157894736842106,3.1578947368421058,4.440892098500626e-16
10.8695652173913,10.869565217391303,3.552713678800501e-15
1.0,1.0,0.0
1.0,1.0,0.0
6.048387096774193,6.048387096774194,8.881784197001252e-16
2.727272727272727,2.7272727272727266,4.440892098500626e-16
1.0,1.0,0.0
1.0,1.0,0.0
1.0,1.0,0.0
2.609090909090909,2.6090909090909093,4.440892098500626e-16
6.817518248175185,6.817518248175184,8.881784197001252e-16
7.812499999999999,7.812499999999999,0.0
1.0,1.0,0.0
2.572727272727272,2.5727272727272728,8.881784197001252e-16
1.327433628318584,1.327433628318584,0.0
1.015151515151515,1.0151515151515151,2.220446049250313e-16
1.195219123505976,1.1952191235059761,2.220446049250313e-16
1.0,1.0,0.0
1.320121951219512,1.3201219512195126,6.661338147750939e-16
3.614457831325302,3.6144578313253017,4.440892098500626e-16
27.81632653061224,27.816326530612244,3.552713678800501e-15
1.189189189189189,1.189189189189189,0.0
11.9047619047619,11.904761904761903,3.552713678800501e-15
2.854545454545454,2.8545454545454545,4.440892098500626e-16
2.2,2.1999999999999997,4.440892098500626e-16
99.99999999999999,99.99999999999999,0.0
1.5625,1.5625,0.0
5.067567567567568,5.0675675675675675,8.881784197001252e-16
2.890909090909091,2.890909090909091,0.0
2.835106382978723,2.8351063829787226,4.440892098500626e-16
2.941176470588235,2.9411764705882355,4.440892098500626e-16
30.9278350515464,30.927835051546396,3.552713678800501e-15
1.0,1.0,0.0
1.0,1.0,0.0
1.0,1.0,0.0
1.456310679611651,1.4563106796116505,4.440892098500626e-16
1.195219123505976,1.195219123505976,0.0
1.0,1.0,0.0
1.0,1.0,0.0
30.0,29.999999999999993,7.105427357601002e-15
8.219178082191782,8.219178082191782,0.0
4.10126582278481,4.10126582278481,0.0
2.9,2.9,0.0
3.472222222222222,3.472222222222222,0.0
1.0,1.0,0.0
3.0,2.9999999999999996,4.440892098500626e-16
1.0,1.0,0.0
11.90476190476191,11.904761904761902,8.881784197001252e-15
28.22222222222223,28.222222222222225,3.552713678800501e-15
4.615384615384616,4.615384615384616,0.0
3.866666666666666,3.8666666666666663,4.440892098500626e-16
7.943037974683543,7.943037974683543,0.0
2.54054054054054,2.5405405405405417,1.7763568394002505e-15
2.878440366972477,2.8784403669724776,4.440892098500626e-16
3.529411764705882,3.529411764705883,1.3322676295501878e-15
1.0,1.0,0.0
2.38095238095238,2.380952380952381,8.881784197001252e-16
2.307692307692308,2.3076923076923084,4.440892098500626e-16
3.0,3.0000000000000004,4.440892098500626e-16
2.123142250530786,2.123142250530786,0.0
6.479481641468682,6.4794816414686816,8.881784197001252e-16
1.190909090909091,1.190909090909091,0.0
42.25352112676057,42.25352112676057,0.0
3.926701570680628,3.926701570680628,0.0
2.678571428571428,2.678571428571429,8.881784197001252e-16
6.666666666666667,6.666666666666668,8.881784197001252e-16
3.0,3.0,0.0
3.671970624235006,3.671970624235005,8.881784197001252e-16
47.61904761904762,47.619047619047606,1.4210854715202004e-14
1.881818181818182,1.8818181818181816,4.440892098500626e-16
1.195219123505976,1.1952191235059761,2.220446049250313e-16
1.195219123505976,1.1952191235059761,2.220446049250313e-16
3.476245654692931,3.4762456546929315,4.440892098500626e-16
2.238805970149254,2.238805970149254,0.0
1.0,1.0,0.0
41.66666666666666,41.66666666666667,1.4210854715202004e-14
25.60869565217392,25.608695652173928,7.105427357601002e-15
30.92783505154639,30.927835051546396,7.105427357601002e-15
125.5,125.49999999999999,1.4210854715202004e-14
3.529411764705882,3.529411764705883,1.3322676295501878e-15
1.0,1.0,0.0
18.63354037267081,18.633540372670808,3.552713678800501e-15
7.246376811594203,7.246376811594203,0.0
1.804511278195489,1.8045112781954886,4.440892098500626e-16
1.195219123505976,1.195219123505976,0.0
6.521739130434783,6.521739130434786,2.6645352591003757e-15
5.70342205323194,5.703422053231941,8.881784197001252e-16
2.5,2.5,0.0
50.84745762711864,50.84745762711863,7.105427357601002e-15
22.38805970149254,22.388059701492537,3.552713678800501e-15
3.161222339304531,3.161222339304531,0.0
2.48,2.4800000000000004,4.440892098500626e-16
5.35,5.349999999999999,8.881784197001252e-16
7.141666666666667,7.141666666666667,0.0
1.428571428571429,1.4285714285714286,4.440892098500626e-16
2.439024390243902,2.4390243902439024,4.440892098500626e-16
20.83333333333333,20.833333333333332,3.552713678800501e-15
3.3003300330033,3.3003300330033007,8.881784197001252e-16
5.084745762711865,5.084745762711866,8.881784197001252e-16
2.806060606060606,2.8060606060606057,4.440892098500626e-16
1.0,1.0,0.0
66.66666666666666,66.66666666666666,0.0
1.0,1.0,0.0
25.0,25.000000000000007,7.105427357601002e-15
1.86335403726708,1.8633540372670805,4.440892098500626e-16
1.923076923076923,1.923076923076923,0.0
1.886792452830189,1.8867924528301894,4.440892098500626e-16
1.5,1.5,0.0
1.098901098901099,1.098901098901099,0.0
1.0,1.0,0.0
8.547008547008549,8.547008547008542,7.105427357601002e-15
3.333333333333334,3.333333333333333,8.881784197001252e-16
10.30927835051546,10.309278350515465,5.329070518200751e-15
1.0,1.0,0.0
1.0,1.0,0.0
11.95219123505976,11.952191235059761,1.7763568394002505e-15
2.5,2.5000000000000004,4.440892098500626e-16
1.0,1.0,0.0
1.0,1.0,0.0
3.157894736842106,3.1578947368421053,8.881784197001252e-16
2.394409937888198,2.3944099378881982,4.440892098500626e-16
1.0,1.0,0.0
1.0,1.0,0.0
30.14285714285714,30.142857142857153,1.4210854715202004e-14
9.40438871473354,9.40438871473354,0.0
9.580152671755725,9.580152671755725,0.0
1.702702702702703,1.7027027027027024,6.661338147750939e-16
1.0,1.0,0.0
1.0,1.0,0.0
1.0,1.0,0.0
1.0,1.0,0.0
4.967038353142997,4.967038353142996,8.881784197001252e-16
5.888462424195901,5.888462424195903,1.7763568394002505e-15
7.209481361426256,7.209481361426256,0.0
9.93428968070338,9.934289680703378,1.7763568394002505e-15
1.963109299617368,1.9631092996173685,4.440892098500626e-16
1.385060957117729,1.3850609571177293,2.220446049250313e-16
1.38371811185845,1.3837181118584498,2.220446049250313e-16
4.255169503446336,4.255169503446336,0.0
0.01148926945588554,0.011489269455885538,1.734723475976807e-18
0.06370192307692307,0.06370192307692307,0.0
20.59922178988327,20.599221789883266,3.552713678800501e-15
34.94389438943895,34.943894389438945,7.105427357601002e-15
13.73281452658885,13.732814526588847,3.552713678800501e-15
1.320858283433134,1.3208582834331337,2.220446049250313e-16
19.22832443427409,19.228324434274093,3.552713678800501e-15
166.2087912087912,166.2087912087912,0.0
4.4375,4.437500000000001,8.881784197001252e-16
4.425334706488155,4.425334706488156,8.881784197001252e-16
34.46787878787879,34.46787878787878,7.105427357601002e-15
71.44723618090451,71.44723618090448,2.842170943040401e-14
99.7719298245614,99.77192982456141,1.4210854715202004e-14
99.7719298245614,99.77192982456141,1.4210854715202004e-14
99.7719298245614,99.77192982456141,1.4210854715202004e-14
99.7719298245614,99.77192982456141,1.4210854715202004e-14
5686.999999999999,5687.0,9.094947017729282e-13
499.9999999999999,499.9999999999998,1.1368683772161603e-13
11848.33333333333,11848.333333333332,1.8189894035458565e-12
557.5686274509803,557.5686274509803,0.0
4.545247148288974,4.545247148288976,1.7763568394002505e-15
17.85600477992432,17.85600477992432,0.0
8.853373231773666,8.853373231773668,1.7763568394002505e-15
5.637423935091277,5.637423935091276,1.7763568394002505e-15
4.999916763775595,4.999916763775594,8.881784197001252e-16
4.724781765276431,4.724781765276431,0.0
6.2,6.2,0.0
5.002913267854169,5.0029132678541695,8.881784197001252e-16
4.429279628195197,4.429279628195197,0.0
8.853373231773666,8.853373231773668,1.7763568394002505e-15
5.663994423143953,5.663994423143953,0.0
7.352941176470588,7.352941176470585,2.6645352591003757e-15
0.2668089647812167,0.2668089647812167,0.0
0.02759381898454746,0.027593818984547457,3.469446951953614e-18
0.5330490405117271,0.5330490405117272,1.1102230246251565e-16
0.04380876175235047,0.04380876175235047,0.0
0.03337905807041609,0.0333790580704161,6.938893903907228e-18
6.638297872340425,6.638297872340426,8.881784197001252e-16
104.0,103.99999999999999,1.4210854715202004e-14
1952.5625,1952.5625000000002,2.2737367544323206e-13
1000.0,1000.0000000000001,1.1368683772161603e-13
4001.7,4001.699999999999,9.094947017729282e-13
1.851845609303893,1.8518456093038933,2.220446049250313e-16
807.7258064516129,807.7258064516129,0.0
15620.6,15620.600000000002,1.8189894035458565e-12
36.14462013112225,36.14462013112225,0.0
36.17493104111874,36.17493104111874,0.0
13.33024017467249,13.330240174672488,1.7763568394002505e-15
0.1101556101556102,0.1101556101556102,0.0
0.1265882352941177,0.12658823529411772,2.7755575615628914e-17
0.1342985521717424,0.13429855217174244,2.7755575615628914e-17
9.091958302308264,9.091958302308262,1.7763568394002505e-15
25.0012285012285,25.0012285012285,0.0
13.33333333333333,13.333333333333334,3.552713678800501e-15
48.410144253141,48.410144253141006,7.105427357601002e-15
71.00286650286651,71.00286650286652,1.4210854715202004e-14
2.636143681369812,2.6361436813698123,4.440892098500626e-16
197.8986936816849,197.8986936816849,0.0
13.62103448275862,13.621034482758619,1.7763568394002505e-15
60.85959985959985,60.85959985959987,2.1316282072803006e-14
45.47672253258844,45.47672253258845,7.105427357601002e-15
81.29494007989346,81.29494007989346,0.0
48.410144253141,48.410144253141006,7.105427357601002e-15
19.53071017274472,19.53071017274473,1.0658141036401503e-14
17.62163793681669,17.621637936816686,3.552713678800501e-15
2.0,2.0,0.0
40.47704081632653,40.477040816326536,7.105427357601002e-15
4.999834079973454,4.999834079973454,0.0
1618.888888888889,1618.888888888889,0.0
38.03242617255356,38.03242617255357,7.105427357601002e-15
19.01621308627678,19.01621308627678,0.0
1.0,1.0,0.0
14.38644688644689,14.386446886446885,5.329070518200751e-15
6.00075786282683,6.0007578628268305,8.881784197001252e-16
76.92361111111111,76.9236111111111,1.4210854715202004e-14
627.0,626.9999999999999,1.1368683772161603e-13
7.500083635349877,7.500083635349875,1.7763568394002505e-15
16.02040816326531,16.020408163265305,3.552713678800501e-15
0.7999999999999998,0.8,2.220446049250313e-16
6.581555100847706,6.581555100847704,1.7763568394002505e-15
6.913204132418369,6.91320413241837,8.881784197001252e-16
1.0,1.0,0.0
0.469,0.469,0.0
1.069,1.0690000000000006,6.661338147750939e-16
2.0,1.9999999999999991,8.881784197001252e-16
0.7166666666666666,0.7166666666666666,0.0
0.9875000000000002,0.9875000000000002,0.0
0.645,0.6450000000000001,1.1102230246251565e-16
1.075,1.0750000000000002,2.220446049250313e-16
4.90721649484536,4.907216494845359,8.881784197001252e-16
7.006369426751593,7.006369426751594,1.7763568394002505e-15
7.481375838926174,7.481375838926174,0.0
0.7500000000000001,0.7500000000000001,0.0
0.6449999999999999,0.6449999999999999,0.0
7.194219826295298,7.1942198262953,1.7763568394002505e-15
3.630014799408024,3.6300147994080243,4.440892098500626e-16
3.027251642829532,3.0272516428295315,4.440892098500626e-16
4.010674140552789,4.010674140552789,0.0
8.391756475704293,8.391756475704295,1.7763568394002505e-15
39.99835706462212,39.99835706462211,7.105427357601002e-15
93.32163449486089,93.32163449486089,0.0
1.666666666666667,1.6666666666666667,2.220446049250313e-16
40.00501504513541,40.005015045135394,1.4210854715202004e-14
159.9690245030051,159.96902450300504,5.684341886080802e-14
21.42973497091144,21.429734970911433,7.105427357601002e-15
12.49973606816982,12.499736068169819,1.7763568394002505e-15
1.764630198633477,1.7646301986334774,4.440892098500626e-16
54.93975903614458,54.939759036144586,7.105427357601002e-15
50.38290162394309,50.38290162394309,0.0
29.43231441048034,29.432314410480345,3.552713678800501e-15
5.99822670849816,5.998226708498159,1.7763568394002505e-15
1.0,1.0,0.0
1.099607944939228,1.0996079449392282,2.220446049250313e-16
0.9486102779444111,0.9486102779444112,1.1102230246251565e-16
1.0,1.0,0.0
14.49369641956631,14.493696419566321,1.0658141036401503e-14
3.141453831041257,3.1414538310412574,4.440892098500626e-16
17.37054263565891,17.37054263565891,0.0
6.481389578163773,6.481389578163776,2.6645352591003757e-15
0.08397757450575392,0.08397757450575392,0.0
22.57909090909091,22.57909090909091,0.0
9.000932835820894,9.000932835820892,1.7763568394002505e-15
61.01428571428571,61.014285714285705,7.105427357601002e-15
86.34905660377359,86.34905660377359,0.0
13.23129251700681,13.231292517006805,5.329070518200751e-15
170.875,170.87500000000003,2.842170943040401e-14
18.41129032258064,18.411290322580644,3.552713678800501e-15
44.29787234042553,44.29787234042553,0.0
189.2307692307692,189.23076923076923,2.842170943040401e-14
156.2666666666666,156.26666666666662,2.842170943040401e-14
329.75,329.7500000000001,1.1368683772161603e-13
163.1666666666667,163.1666666666667,0.0
187.8676470588235,187.86764705882354,2.842170943040401e-14
0.06000353481795687,0.06000353481795688,6.938893903907228e-18
2.638411919687472,2.6384119196874707,1.3322676295501878e-15
53.70957095709571,53.70957095709572,1.4210854715202004e-14
473.1304347826086,473.1304347826086,0.0
611.1290322580645,611.1290322580645,0.0
189.5,189.50000000000003,2.842170943040401e-14
14.35074626865672,14.350746268656716,5.329070518200751e-15
145.2879581151832,145.28795811518324,5.684341886080802e-14
38.16809421841542,38.168094218415405,1.4210854715202004e-14
828.9354838709678,828.9354838709678,0.0
1.0,1.0,0.0
1.0,1.0,0.0
16.66476913345983,16.66476913345984,7.105427357601002e-15
1.0,1.0,0.0
1.0,1.0,0.0
19.60938883968113,19.60938883968114,1.0658141036401503e-14
16.67093373493976,16.670933734939766,7.105427357601002e-15
0.6799955384529585,0.6799955384529583,1.1102230246251565e-16
0.6799955384529585,0.6799955384529583,1.1102230246251565e-16
4.532713754646839,4.53271375464684,1.7763568394002505e-15
10.00055772448411,10.000557724484107,3.552713678800501e-15
1.0,1.0,0.0
1.0,1.0,0.0
1.0,1.0,0.0
1.0,1.0,0.0
21.26769230769231,21.26769230769231,0.0
14.28099173553719,14.280991735537192,1.7763568394002505e-15
83.27710843373494,83.27710843373494,0.0
39.94334277620397,39.94334277620397,0.0
1.0,1.0,0.0
1.0,1.0,0.0
1.0,1.0,0.0
1.0,1.0,0.0
21.36606189967983,21.366061899679828,3.552713678800501e-15
1.0,1.0,0.0
2.125781106414262,2.1257811064142618,4.440892098500626e-16
6.517075773745998,6.517075773745998,0.0
2.431899728081608,2.4318997280816075,4.440892098500626e-16
4.776753507014027,4.7767535070140275,8.881784197001252e-16
1.0,1.0,0.0
1.0,1.0,0.0
4.995008873114463,4.995008873114465,1.7763568394002505e-15
3.372328733667115,3.372328733667114,8.881784197001252e-16
1.555686391846111,1.555686391846111,0.0
1.0,1.0,0.0
6.230469644902635,6.230469644902635,0.0
1.0,1.0,0.0
6.009615384615384,6.009615384615384,0.0
13.52837071061875,13.528370710618752,1.7763568394002505e-15
8.902397260273972,8.902397260273972,0.0
2.263754427390791,2.2637544273907904,4.440892098500626e-16
1.0,1.0,0.0
2.876884169961664,2.876884169961664,0.0
6.055647840531562,6.055647840531562,0.0
2.985460919777274,2.9854609197772723,1.7763568394002505e-15
3.971432199085831,3.971432199085829,2.220446049250313e-15
3.256370656370656,3.2563706563706565,4.440892098500626e-16
52.14070351758794,52.14070351758796,2.1316282072803006e-14
43.86228482003129,43.86228482003129,0.0
1.0,1.0,0.0
8.205307262569834,8.205307262569834,0.0
1.0,1.0,0.0
79.37162891046387,79.37162891046387,0.0
2.003195425496131,2.0031954254961324,1.3322676295501878e-15
0.5909918107370337,0.5909918107370336,1.1102230246251565e-16
0.634390243902439,0.634390243902439,0.0
0.720865704772475,0.720865704772475,0.0
0.5250590691452788,0.5250590691452788,0.0
0.2450803277630815,0.2450803277630815,0.0
0.2143142857142857,0.2143142857142857,0.0
0.4817447885287385,0.4817447885287386,1.1102230246251565e-16
6.0574550702725,6.057455070272498,1.7763568394002505e-15
334.5212765957447,334.52127659574467,5.684341886080802e-14
334.5212765957447,334.52127659574467,5.684341886080802e-14
1.548405283505155,1.5484052835051547,2.220446049250313e-16
15.7834247762056,15.7834247762056,0.0
13.88874396765358,13.88874396765358,0.0
2.777798882075216,2.7777988820752157,4.440892098500626e-16
13.75424434087883,13.75424434087882,1.0658141036401503e-14
6.069984447900467,6.069984447900468,8.881784197001252e-16
10.75276012044162,10.75276012044162,0.0
52.61066878980892,52.61066878980892,0.0
0.679998213860443,0.679998213860443,0.0
0.8500009046990065,0.8500009046990065,0.0
1.785732291404084,1.7857322914040838,2.220446049250313e-16
0.5299944150596274,0.5299944150596274,0.0
0.5599925768465094,0.5599925768465094,0.0
1.0,1.0,0.0
15.87332490518331,15.873324905183313,3.552713678800501e-15
10.00089686098655,10.000896860986547,3.552713678800501e-15
19.6083467094703,19.6083467094703,0.0
4.048644338118022,4.048644338118022,0.0
1.172419190733349,1.1724191907333492,2.220446049250313e-16
1.093661971830986,1.093661971830986,0.0
1.259206798866856,1.2592067988668558,2.220446049250313e-16
1.0,1.0,0.0
1.0,1.0,0.0
42.49471458773785,42.494714587737846,7.105427357601002e-15
9.685044796691935,9.685044796691933,1.7763568394002505e-15
4.041666666666667,4.041666666666665,1.7763568394002505e-15
1.470588235294117,1.4705882352941178,6.661338147750939e-16
4.347826086956522,4.347826086956523,8.881784197001252e-16
2.474285714285714,2.474285714285714,0.0
1.031207185264119,1.0312071852641191,2.220446049250313e-16
1.0,1.0,0.0
1.226401703335699,1.226401703335699,0.0
1.096785588131402,1.0967855881314021,2.220446049250313e-16
1.093758517307168,1.093758517307168,0.0
1.129017197105284,1.1290171971052838,2.220446049250313e-16
1.062483912483912,1.0624839124839125,4.440892098500626e-16
1.096760846435749,1.0967608464357492,2.220446049250313e-16
1.031272422865343,1.0312724228653432,2.220446049250313e-16
1.0,1.0,0.0
